alert_key,probability
365073,1.0
357893,1.0
357788,1.0
357841,1.0
357850,1.0
357866,1.0
357869,1.0
357870,1.0
357904,1.0
361024,1.0
357905,1.0
358001,1.0
358005,1.0
358006,1.0
358026,1.0
358033,1.0
357709,1.0
357706,1.0
357705,1.0
357701,1.0
357693,1.0
357682,1.0
357671,1.0
357668,1.0
357656,1.0
357628,1.0
357526,1.0
357521,1.0
357510,1.0
357506,1.0
357502,1.0
357499,1.0
357498,1.0
358059,1.0
358064,1.0
358066,1.0
358298,1.0
358459,1.0
358457,1.0
358456,1.0
358455,1.0
358453,1.0
358451,1.0
358443,1.0
358442,1.0
358438,1.0
358431,1.0
358430,1.0
358421,1.0
358410,1.0
358300,1.0
358281,1.0
358138,1.0
358273,1.0
358268,1.0
358265,1.0
358260,1.0
358254,1.0
358239,1.0
358237,1.0
358232,1.0
358227,1.0
358223,1.0
358213,1.0
358211,1.0
358193,1.0
358172,1.0
357497,1.0
357493,1.0
357484,1.0
356959,1.0
357101,1.0
357100,1.0
357098,1.0
357095,1.0
357093,1.0
357089,1.0
357086,1.0
357079,1.0
357077,1.0
357067,1.0
357066,1.0
357058,1.0
356962,1.0
356960,1.0
356949,1.0
357108,1.0
356944,1.0
356941,1.0
356932,1.0
356911,1.0
356859,1.0
356787,1.0
356784,1.0
356783,1.0
356779,1.0
356777,1.0
356774,1.0
356765,1.0
356757,1.0
356753,1.0
357103,1.0
357112,1.0
357475,1.0
357304,1.0
357474,1.0
357471,1.0
357466,1.0
357458,1.0
357456,1.0
357455,1.0
357447,1.0
357442,1.0
357441,1.0
357341,1.0
357327,1.0
357320,1.0
357319,1.0
357313,1.0
357302,1.0
357119,1.0
357295,1.0
357288,1.0
357287,1.0
357282,1.0
357278,1.0
357275,1.0
357261,1.0
357259,1.0
357233,1.0
357222,1.0
357221,1.0
357216,1.0
357209,1.0
357124,1.0
358467,1.0
358470,1.0
358482,1.0
360069,1.0
360286,1.0
360249,1.0
360232,1.0
360230,1.0
360226,1.0
360225,1.0
360147,1.0
360094,1.0
360082,1.0
360081,1.0
360078,1.0
360075,1.0
360074,1.0
360072,1.0
360066,1.0
360386,1.0
360062,1.0
360046,1.0
360040,1.0
360039,1.0
360029,1.0
359961,1.0
359960,1.0
359959,1.0
359947,1.0
359941,1.0
359925,1.0
359857,1.0
359853,1.0
359851,1.0
360293,1.0
360402,1.0
359841,1.0
360648,1.0
360998,1.0
360985,1.0
360954,1.0
360951,1.0
360923,1.0
360849,1.0
360846,1.0
360842,1.0
360839,1.0
360833,1.0
360730,1.0
360661,1.0
360654,1.0
360652,1.0
360645,1.0
360468,1.0
360600,1.0
360598,1.0
360596,1.0
360591,1.0
360589,1.0
360584,1.0
360581,1.0
360577,1.0
360576,1.0
360572,1.0
360559,1.0
360556,1.0
360534,1.0
360516,1.0
359849,1.0
359837,1.0
358568,1.0
358842,1.0
359201,1.0
359134,1.0
359130,1.0
358987,1.0
358984,1.0
358981,1.0
358977,1.0
358974,1.0
358968,1.0
358960,1.0
358946,1.0
358911,1.0
358846,1.0
358844,1.0
358837,1.0
359222,1.0
358828,1.0
358819,1.0
358769,1.0
358742,1.0
358734,1.0
358731,1.0
358726,1.0
358723,1.0
358624,1.0
358621,1.0
358610,1.0
358605,1.0
358602,1.0
358601,1.0
359220,1.0
359244,1.0
359827,1.0
359610,1.0
359785,1.0
359782,1.0
359777,1.0
359768,1.0
359767,1.0
359681,1.0
359674,1.0
359673,1.0
359656,1.0
359654,1.0
359642,1.0
359638,1.0
359636,1.0
359626,1.0
359607,1.0
359253,1.0
359605,1.0
359603,1.0
359536,1.0
359498,1.0
359495,1.0
359491,1.0
359487,1.0
359483,1.0
359398,1.0
359393,1.0
359382,1.0
359371,1.0
359369,1.0
359270,1.0
356752,1.0
356742,1.0
356638,1.0
353879,1.0
354226,1.0
354223,1.0
354218,1.0
354177,1.0
354143,1.0
354054,1.0
354049,1.0
354048,1.0
354040,1.0
354024,1.0
354013,1.0
354007,1.0
353890,1.0
353888,1.0
353878,1.0
354234,1.0
353870,1.0
353867,1.0
353864,1.0
353855,1.0
353843,1.0
353823,1.0
353592,1.0
353589,1.0
353586,1.0
353582,1.0
353579,1.0
353578,1.0
353566,1.0
353550,1.0
354229,1.0
354245,1.0
353545,1.0
354596,1.0
354673,1.0
354672,1.0
354669,1.0
354667,1.0
354662,1.0
354642,1.0
354622,1.0
354619,1.0
354618,1.0
354613,1.0
354612,1.0
354606,1.0
354604,1.0
354603,1.0
354576,1.0
354246,1.0
354573,1.0
354569,1.0
354565,1.0
354471,1.0
354459,1.0
354453,1.0
354449,1.0
354443,1.0
354442,1.0
354435,1.0
354262,1.0
354260,1.0
354258,1.0
354254,1.0
353549,1.0
353541,1.0
354778,1.0
352494,1.0
352705,1.0
352700,1.0
352696,1.0
352693,1.0
352692,1.0
352691,1.0
352683,1.0
352658,1.0
352651,1.0
352558,1.0
352557,1.0
352520,1.0
352501,1.0
352495,1.0
352493,1.0
352819,1.0
352487,1.0
352480,1.0
352465,1.0
352342,1.0
352337,1.0
352329,1.0
352320,1.0
352307,1.0
352305,1.0
352302,1.0
352298,1.0
352280,1.0
352254,1.0
352253,1.0
352816,1.0
352858,1.0
353540,1.0
353231,1.0
353518,1.0
353494,1.0
353413,1.0
353403,1.0
353399,1.0
353394,1.0
353385,1.0
353383,1.0
353376,1.0
353366,1.0
353247,1.0
353241,1.0
353236,1.0
353234,1.0
353220,1.0
352872,1.0
353209,1.0
353080,1.0
353072,1.0
353065,1.0
353059,1.0
353056,1.0
353047,1.0
353045,1.0
353043,1.0
353041,1.0
353033,1.0
352888,1.0
352886,1.0
352880,1.0
354675,1.0
354780,1.0
356630,1.0
355905,1.0
356187,1.0
356182,1.0
356180,1.0
356173,1.0
356045,1.0
356043,1.0
356037,1.0
356034,1.0
356018,1.0
356016,1.0
356014,1.0
355917,1.0
355916,1.0
355915,1.0
355901,1.0
356221,1.0
355895,1.0
355884,1.0
355816,1.0
355815,1.0
355813,1.0
355812,1.0
355810,1.0
355806,1.0
355801,1.0
355800,1.0
355795,1.0
355791,1.0
355787,1.0
355772,1.0
356220,1.0
356246,1.0
355761,1.0
356421,1.0
356629,1.0
356624,1.0
356617,1.0
356614,1.0
356611,1.0
356610,1.0
356602,1.0
356600,1.0
356599,1.0
356589,1.0
356569,1.0
356565,1.0
356484,1.0
356424,1.0
356418,1.0
356249,1.0
356413,1.0
356411,1.0
356410,1.0
356407,1.0
356387,1.0
356386,1.0
356316,1.0
356315,1.0
356314,1.0
356307,1.0
356306,1.0
356305,1.0
356300,1.0
356288,1.0
355769,1.0
355748,1.0
354795,1.0
354944,1.0
355202,1.0
355198,1.0
355197,1.0
355193,1.0
355188,1.0
355171,1.0
355152,1.0
355146,1.0
355090,1.0
354973,1.0
354971,1.0
354962,1.0
354959,1.0
354951,1.0
354943,1.0
355216,1.0
354928,1.0
354855,1.0
354854,1.0
354853,1.0
354842,1.0
354837,1.0
354836,1.0
354831,1.0
354828,1.0
354824,1.0
354814,1.0
354813,1.0
354801,1.0
354799,1.0
355203,1.0
355347,1.0
355740,1.0
355521,1.0
355716,1.0
355705,1.0
355678,1.0
355667,1.0
355633,1.0
355563,1.0
355561,1.0
355558,1.0
355557,1.0
355556,1.0
355549,1.0
355542,1.0
355538,1.0
355532,1.0
355501,1.0
355364,1.0
355436,1.0
355431,1.0
355428,1.0
355417,1.0
355411,1.0
355403,1.0
355402,1.0
355384,1.0
355380,1.0
355379,1.0
355378,1.0
355376,1.0
355375,1.0
355373,1.0
361012,1.0
352249,1.0
363442,1.0
361436,1.0
361854,1.0
361849,1.0
363863,1.0
364631,1.0
364633,1.0
364639,1.0
364640,1.0
364643,1.0
364667,1.0
363168,1.0
361835,1.0
364670,1.0
361828,1.0
361827,1.0
363759,1.0
364012,1.0
361778,1.0
361857,1.0
363167,1.0
363584,1.0
362002,1.0
363780,1.0
362131,1.0
362074,1.0
364592,1.0
363441,1.0
363157,1.0
363862,1.0
361999,1.0
361861,1.0
363569,1.0
361989,1.0
363580,1.0
364182,1.0
364612,1.0
361866,1.0
361863,1.0
364176,1.0
363276,1.0
361721,1.0
361556,1.0
361580,1.0
364035,1.0
363307,1.0
364169,1.0
361565,1.0
363695,1.0
363696,1.0
364702,1.0
364698,1.0
364703,1.0
363896,1.0
364167,1.0
363320,1.0
361459,1.0
364163,1.0
363757,1.0
363684,1.0
361592,1.0
364672,1.0
363868,1.0
364673,1.0
363282,1.0
364675,1.0
361711,1.0
363755,1.0
364689,1.0
363284,1.0
364694,1.0
361594,1.0
363288,1.0
364006,1.0
361705,1.0
364695,1.0
361692,1.0
363682,1.0
361617,1.0
363155,1.0
363153,1.0
362171,1.0
364302,1.0
362860,1.0
364261,1.0
364286,1.0
364044,1.0
363763,1.0
362800,1.0
362736,1.0
364303,1.0
362866,1.0
363130,1.0
362733,1.0
364305,1.0
362725,1.0
364307,1.0
363467,1.0
364309,1.0
364191,1.0
364252,1.0
362486,1.0
364201,1.0
364193,1.0
364194,1.0
363453,1.0
363020,1.0
362955,1.0
362953,1.0
364196,1.0
364203,1.0
363121,1.0
364223,1.0
362929,1.0
362916,1.0
362914,1.0
363102,1.0
362891,1.0
362890,1.0
362586,1.0
364189,1.0
364484,1.0
362219,1.0
364452,1.0
364023,1.0
363771,1.0
362245,1.0
364455,1.0
364460,1.0
362230,1.0
363773,1.0
362296,1.0
363774,1.0
364109,1.0
362207,1.0
362203,1.0
362176,1.0
363477,1.0
363478,1.0
362287,1.0
363149,1.0
362483,1.0
362468,1.0
362480,1.0
362478,1.0
363143,1.0
363472,1.0
362473,1.0
364315,1.0
364316,1.0
364186,1.0
363770,1.0
362451,1.0
364041,1.0
362450,1.0
363147,1.0
364020,1.0
364321,1.0
364323,1.0
364718,1.0
361851,1.0
363038,1.0
364976,1.0
364030,1.0
361150,1.0
363751,1.0
361302,1.0
363338,1.0
364788,1.0
361160,1.0
363900,1.0
361162,1.0
363337,1.0
364778,1.0
361290,1.0
363446,1.0
361262,1.0
361286,1.0
363902,1.0
361269,1.0
361270,1.0
361285,1.0
363740,1.0
361280,1.0
364767,1.0
363336,1.0
361299,1.0
363328,1.0
361408,1.0
363746,1.0
363341,1.0
361137,1.0
363712,1.0
363345,1.0
361292,1.0
363905,1.0
364722,1.0
365004,1.0
363753,1.0
364148,1.0
365008,1.0
361145,1.0
363346,1.0
363730,1.0
355147,0.9999998807907104
364775,0.9999998807907104
353568,0.9999998807907104
361845,0.9999998807907104
358592,0.9999998807907104
361277,0.9999998807907104
363764,0.9999997615814209
364045,0.9999996423721313
362947,0.9999996423721313
357068,0.9999996423721313
358458,0.9999996423721313
360269,0.9999996423721313
360288,0.9999996423721313
360406,0.9999995231628418
364751,0.9999995231628418
362284,0.9999994039535522
361460,0.9999994039535522
361020,0.9999994039535522
364770,0.9999991655349731
356789,0.9999991655349731
362952,0.9999990463256836
354061,0.999998927116394
364472,0.9999984502792358
353556,0.9999979734420776
361718,0.9999978542327881
360290,0.9999978542327881
363916,0.9999977350234985
358847,0.999997615814209
360976,0.999996542930603
364739,0.9999960660934448
364776,0.9999959468841553
353561,0.9999954700469971
358157,0.9999953508377075
362853,0.9999949932098389
356070,0.9999947547912598
358625,0.999994158744812
360590,0.9999934434890747
360575,0.9999933242797852
363455,0.999992847442627
360513,0.9999926090240479
362149,0.9999926090240479
358063,0.9999914169311523
354663,0.9999912977218628
361143,0.9999898672103882
362469,0.9999885559082031
359384,0.9999880790710449
359370,0.9999876022338867
358256,0.9999858140945435
357307,0.9999855756759644
355753,0.9999854564666748
362463,0.9999783039093018
355424,0.9999759197235107
361431,0.9999759197235107
356634,0.9999730587005615
353074,0.9999686479568481
364033,0.9999579191207886
361856,0.9999570846557617
361998,0.9999556541442871
364485,0.9999555349349976
364995,0.9999502897262573
358250,0.9999494552612305
364709,0.9999446868896484
361569,0.9999442100524902
358229,0.9999414682388306
364780,0.9999241828918457
362225,0.9999223947525024
354819,0.9999136924743652
361291,0.999909520149231
359268,0.9998972415924072
364964,0.9998766183853149
359771,0.999875545501709
356225,0.999875545501709
364332,0.9998244643211365
360843,0.999818742275238
362479,0.9998086094856262
357122,0.9997965693473816
352859,0.9997957348823547
360088,0.9997952580451965
356429,0.9997952580451965
354465,0.9997937083244324
355215,0.9997932314872742
355822,0.9997931122779846
359477,0.9997873902320862
355362,0.9997344613075256
361551,0.9997206330299377
355091,0.9997027516365051
364687,0.9996675252914429
363788,0.9996567964553833
357907,0.9996390342712402
354595,0.9996172189712524
352871,0.9995748400688171
364753,0.9995360374450684
353032,0.9995301961898804
364467,0.9995088577270508
362125,0.9994933605194092
363322,0.9994663596153259
356608,0.9994631409645081
354211,0.9994460940361023
355776,0.9994053840637207
360558,0.9993727803230286
356594,0.9993088245391846
353213,0.9992786049842834
357871,0.9992411136627197
353847,0.9992343187332153
360562,0.9989302754402161
356183,0.9989294409751892
359852,0.9989294409751892
354804,0.998823344707489
352330,0.9987983703613281
362848,0.998781144618988
359633,0.9987502098083496
359131,0.9987298846244812
359385,0.9986079335212708
355413,0.9985344409942627
364032,0.9985174536705017
353587,0.9984962940216064
356120,0.9982991814613342
359732,0.9982991814613342
356884,0.9982911944389343
359340,0.9982507824897766
360400,0.998013973236084
357885,0.997983455657959
359227,0.9979421496391296
358252,0.9978772401809692
361000,0.9978576302528381
361698,0.9978502988815308
354820,0.9978099465370178
358040,0.9977245926856995
359373,0.9975885152816772
358480,0.9972153902053833
360646,0.9966891407966614
356771,0.9963057041168213
353404,0.9960201382637024
354652,0.9954409599304199
353571,0.9951660633087158
361312,0.9950291514396667
360979,0.9949257373809814
361273,0.9948742985725403
362208,0.9941792488098145
364251,0.9927979111671448
361547,0.992393970489502
361545,0.991797924041748
359377,0.9916281700134277
361295,0.9916216135025024
361296,0.991272509098053
357300,0.9912158250808716
358228,0.9909905195236206
364447,0.9907812476158142
354930,0.99070143699646
356745,0.9906638860702515
358980,0.9901221394538879
359247,0.9900625348091125
359488,0.9900274872779846
360588,0.9896047115325928
361287,0.9894631505012512
362477,0.9894468784332275
361855,0.9894422292709351
363152,0.9893763065338135
354452,0.9887192845344543
356065,0.9869483709335327
359668,0.9869483709335327
361140,0.9863646030426025
358736,0.9862013459205627
352670,0.9849411845207214
362918,0.9835806488990784
358725,0.9834014177322388
361118,0.9831840395927429
357856,0.9812433123588562
364179,0.9783096313476562
362132,0.9781954288482666
362851,0.9767419695854187
359121,0.9760781526565552
361552,0.9756054878234863
363129,0.9747489094734192
364599,0.9743658304214478
352710,0.9711334705352783
357695,0.9699068665504456
364172,0.9673829674720764
362151,0.967154860496521
363124,0.9659803509712219
352715,0.9620255827903748
357525,0.9615064263343811
360034,0.9611589312553406
362723,0.960465669631958
354468,0.9580809473991394
353596,0.9580065608024597
364724,0.956347644329071
364458,0.9562255144119263
364993,0.9549704194068909
362858,0.9504377245903015
360282,0.9476732015609741
358248,0.9447673559188843
360563,0.9436275959014893
363033,0.9434106945991516
362724,0.9422263503074646
364996,0.9415215849876404
361707,0.9413261413574219
361124,0.9397996068000793
362223,0.9397749900817871
352484,0.9387092590332031
360393,0.9377657175064087
358464,0.9373783469200134
356773,0.9368956685066223
357115,0.9363025426864624
364493,0.9361758232116699
359506,0.9344433546066284
363034,0.9336937665939331
360058,0.9246709942817688
356403,0.9246709942817688
364603,0.9235401153564453
355361,0.9210056662559509
356033,0.9209506511688232
359625,0.9209506511688232
353030,0.9207978248596191
355673,0.9201610684394836
364678,0.908453106880188
355724,0.9062066078186035
361836,0.9054057002067566
355426,0.9005110263824463
358808,0.8974412679672241
354178,0.8918662667274475
355183,0.8898594379425049
360529,0.889148473739624
362461,0.8883352875709534
354679,0.8709813952445984
363136,0.870254635810852
364626,0.863470733165741
361433,0.8592671751976013
355212,0.8587759137153625
358834,0.8553504943847656
353075,0.8451923131942749
362925,0.8431743383407593
360594,0.840836763381958
359647,0.8386220335960388
356050,0.8386220335960388
356790,0.8378946781158447
357874,0.8356673717498779
364319,0.8303743004798889
361006,0.8270743489265442
364038,0.8111839294433594
362928,0.8059329390525818
356188,0.7901028990745544
359858,0.7901028990745544
355565,0.7880716323852539
353054,0.7872315049171448
353569,0.7822612524032593
357712,0.7807891368865967
361709,0.779803454875946
358036,0.7763346433639526
356426,0.7742637991905212
360085,0.7742533087730408
364994,0.7684351205825806
354239,0.7671575546264648
360989,0.7628475427627563
355775,0.7541804313659668
356179,0.7484645247459412
359848,0.7484645247459412
358216,0.7369754910469055
357692,0.7356199622154236
361715,0.7273043990135193
359950,0.724013090133667
361865,0.7163059711456299
362701,0.7147180438041687
355458,0.7057154774665833
363137,0.7018084526062012
356058,0.6986063718795776
359658,0.6985922455787659
355201,0.6930986642837524
353558,0.6926658153533936
355388,0.6894760131835938
363032,0.6892985701560974
355570,0.6793594360351562
358463,0.6729922890663147
362127,0.6698544025421143
352488,0.6669619083404541
355404,0.664614200592041
359762,0.6459706425666809
356216,0.6459706425666809
359652,0.6387729644775391
356054,0.6387729644775391
362285,0.6299453973770142
355737,0.6205034255981445
355734,0.6182643175125122
356245,0.6114751696586609
359781,0.6114692091941833
354643,0.6070796847343445
357303,0.6068112850189209
362226,0.6065602898597717
359657,0.6063701510429382
356057,0.6063701510429382
360388,0.6060419082641602
361001,0.6030752658843994
358048,0.5977888107299805
355392,0.5940924286842346
364717,0.5873099565505981
363767,0.584549605846405
361306,0.5815962553024292
354633,0.5783692002296448
355522,0.5717954635620117
352522,0.5632233023643494
354047,0.5551758408546448
358993,0.5504897832870483
352876,0.5469959378242493
353872,0.5394678115844727
357064,0.5373257994651794
364735,0.5336052775382996
361003,0.5298534035682678
361450,0.5295683145523071
360273,0.528501033782959
362227,0.5276391506195068
359263,0.5263247489929199
363128,0.5119156241416931
353416,0.5104731321334839
355808,0.5102170705795288
354402,0.5077326893806458
360037,0.5077222585678101
356384,0.5077222585678101
364729,0.5077222585678101
360827,0.5076455473899841
357676,0.5076455473899841
358207,0.5076455473899841
358212,0.5075891613960266
356763,0.5075891613960266
361859,0.5071778893470764
357485,0.5069857835769653
358331,0.5057427883148193
364253,0.5056930780410767
362941,0.5045686960220337
358206,0.5040302872657776
355679,0.5032787322998047
360043,0.5031017065048218
356390,0.5031017065048218
357069,0.5022766590118408
354407,0.499985933303833
356628,0.498818039894104
358434,0.49792197346687317
358071,0.4880616366863251
356075,0.4877065420150757
359680,0.4877065420150757
363923,0.48756399750709534
356642,0.4871843457221985
361158,0.48681652545928955
358195,0.48655855655670166
355434,0.48596104979515076
361261,0.48561540246009827
361010,0.4840124845504761
363315,0.48361819982528687
357321,0.47848621010780334
361011,0.476073682308197
358192,0.4752018451690674
364601,0.47106802463531494
354792,0.46677860617637634
362717,0.4660521149635315
361446,0.46596208214759827
364986,0.46584567427635193
361002,0.46393123269081116
355762,0.4607946574687958
361021,0.45902517437934875
354821,0.4534296989440918
359731,0.451348215341568
356119,0.451348215341568
354756,0.44641274213790894
358709,0.44563329219818115
353861,0.4431661069393158
355179,0.43649858236312866
361166,0.43020886182785034
357489,0.4295191168785095
358733,0.4229126274585724
357223,0.421246737241745
357262,0.41610315442085266
360955,0.41274353861808777
352282,0.4108891785144806
361848,0.4088021516799927
358836,0.4028318226337433
359126,0.38183367252349854
360997,0.38169485330581665
352680,0.38106608390808105
360292,0.3791973292827606
361589,0.378608375787735
361314,0.378456711769104
362242,0.3768290877342224
358740,0.375990092754364
360610,0.37540218234062195
356966,0.37213829159736633
359507,0.37204739451408386
363476,0.37192755937576294
359141,0.3718128204345703
358996,0.3712124824523926
361303,0.37090975046157837
357513,0.3663196265697479
361867,0.36174583435058594
362488,0.3610874116420746
360401,0.3599621057510376
353166,0.35863929986953735
359132,0.3576710522174835
364495,0.3348717987537384
363036,0.33019325137138367
362246,0.3300243318080902
360278,0.3223584294319153
358054,0.31763404607772827
363909,0.31603574752807617
363160,0.2987612187862396
357107,0.2978208363056183
356044,0.2893809676170349
359639,0.2893809676170349
353386,0.2877783477306366
364705,0.28309714794158936
359608,0.277739018201828
356017,0.277739018201828
358849,0.27544108033180237
359400,0.27381715178489685
362472,0.2638157606124878
358280,0.26081737875938416
360233,0.2536715269088745
355745,0.23698244988918304
352503,0.23416240513324738
357688,0.23347611725330353
359143,0.22414714097976685
360395,0.22109906375408173
357567,0.20999817550182343
355196,0.20760148763656616
353388,0.20291145145893097
358988,0.2017875462770462
358471,0.2004033327102661
360279,0.1962268203496933
361839,0.19437430799007416
361442,0.1935792863368988
360601,0.19319339096546173
352870,0.1894885003566742
359499,0.18897075951099396
352699,0.18689721822738647
364015,0.18281394243240356
361445,0.1817064881324768
356736,0.17141960561275482
360011,0.15407603979110718
360231,0.15309560298919678
364278,0.15024791657924652
354817,0.14674057066440582
357318,0.14625035226345062
356588,0.1263827383518219
354447,0.1235601007938385
355789,0.12224587798118591
358479,0.12115586549043655
355545,0.11976542323827744
354788,0.1131201833486557
361566,0.11258108913898468
361133,0.10975385457277298
361234,0.1097363829612732
358178,0.10948736220598221
354630,0.109195776283741
358620,0.10877851396799088
362490,0.10803423821926117
353833,0.10678465664386749
359269,0.1055574119091034
353405,0.10113651305437088
357509,0.09814752638339996
360235,0.09313707798719406
364311,0.08792773634195328
356644,0.08693929761648178
354448,0.08608338236808777
354798,0.08381408452987671
361136,0.07913964241743088
357290,0.07465454190969467
357092,0.07021541893482208
358258,0.06870844960212708
359260,0.06591953337192535
363866,0.05985936522483826
358569,0.05909690633416176
359223,0.058897148817777634
354616,0.058726243674755096
358008,0.053088508546352386
359860,0.050275664776563644
362155,0.04987480491399765
363304,0.04959994554519653
363480,0.04605323448777199
356953,0.04456493631005287
360651,0.04418415576219559
362895,0.04364651441574097
353233,0.04273616150021553
353084,0.04265688732266426
364462,0.040447380393743515
355204,0.036171965301036835
359365,0.035007085651159286
364022,0.034446001052856445
362872,0.03426503762602806
361147,0.03384716808795929
364299,0.03226549178361893
364666,0.03226549178361893
361577,0.032257676124572754
353875,0.030791696161031723
353415,0.03072187304496765
362154,0.030710510909557343
357717,0.030601948499679565
364488,0.029194166883826256
361263,0.029039956629276276
356189,0.02875978872179985
359863,0.02875978872179985
355567,0.028624825179576874
354978,0.028546279296278954
362233,0.02763107232749462
352704,0.027455205097794533
361581,0.027203641831874847
357858,0.02674533985555172
354970,0.026263102889060974
354834,0.02574247121810913
355221,0.025175997987389565
355899,0.024275951087474823
362152,0.022309493273496628
362871,0.02227359637618065
361574,0.022267481312155724
364475,0.022204967215657234
361144,0.022200318053364754
360271,0.02188863791525364
357677,0.021539781242609024
363465,0.020558390766382217
359945,0.020193904638290405
356303,0.020193904638290405
356957,0.020050687715411186
357892,0.018935268744826317
363138,0.01881742663681507
363906,0.018497752025723457
352877,0.018360594287514687
357861,0.018123550340533257
358167,0.017853444442152977
354796,0.017788736149668694
352866,0.017582276836037636
355741,0.01750088855624199
356372,0.01748076267540455
360018,0.01748076267540455
356229,0.017374346032738686
359775,0.017374346032738686
353205,0.01723683997988701
357863,0.017229869961738586
354607,0.01706182211637497
361284,0.016938216984272003
360566,0.01616711914539337
357457,0.015902427956461906
359954,0.01584719866514206
356311,0.01584719866514206
363738,0.015839360654354095
364610,0.015458422712981701
364734,0.015206355601549149
362142,0.015160529874265194
354947,0.015067553147673607
357468,0.014871534891426563
364190,0.014504772610962391
357297,0.014262109994888306
359391,0.014067833311855793
358264,0.014014027081429958
355909,0.013978189788758755
360653,0.013144822791218758
354027,0.012910868041217327
359376,0.01262962818145752
355156,0.011553111486136913
363023,0.010561450384557247
354609,0.0105125205591321
363583,0.010264217853546143
360789,0.0101389791816473
362136,0.009769994765520096
361710,0.009607882238924503
358835,0.009542591869831085
355548,0.009485340677201748
358220,0.00946030393242836
352312,0.009288355708122253
356734,0.009265216998755932
359819,0.009186516515910625
356156,0.009186516515910625
361559,0.009059582836925983
361129,0.008967244066298008
361986,0.00871989130973816
357849,0.008126234635710716
360396,0.007826675660908222
355566,0.007244540844112635
357848,0.007185068447142839
358046,0.006949736271053553
364289,0.0067504895851016045
354212,0.006094357930123806
358588,0.006022080313414335
361152,0.005895220208913088
353396,0.005619911476969719
358444,0.005504978355020285
363439,0.005410078447312117
354628,0.005015335977077484
356055,0.004541088826954365
359653,0.004541088826954365
357482,0.0045236023142933846
354440,0.004275694489479065
357322,0.004163327161222696
356612,0.004058913327753544
355418,0.003861275501549244
353201,0.0034959050826728344
364195,0.0028922033961862326
357700,0.002873176708817482
354421,0.002827159594744444
358269,0.00280738715082407
362864,0.0027727922424674034
361008,0.0027336550410836935
364008,0.002703203819692135
363571,0.002681644866243005
364333,0.0026612645015120506
362850,0.0026495857164263725
361128,0.0026481999084353447
360281,0.0025435860734432936
354938,0.0024581134784966707
355182,0.002448705257847905
352686,0.002297597238793969
364480,0.002282853005453944
355780,0.002242920221760869
360053,0.0022388966754078865
356399,0.0022388966754078865
354432,0.002233116887509823
362458,0.002099700039252639
359828,0.0020667817443609238
356165,0.0020667817443609238
354759,0.0020363465882837772
362715,0.002034727018326521
355523,0.0020184731110930443
355382,0.002018050290644169
357286,0.0020061200484633446
364293,0.001744261127896607
361282,0.0017397773917764425
358029,0.0015999373281374574
353825,0.0014817329356446862
357670,0.0014188868226483464
354942,0.001404692535288632
356756,0.0014037505025044084
361123,0.0013830100651830435
354022,0.0013177011860534549
357109,0.0011438674991950393
354413,0.0010964887915179133
355395,0.0008570500649511814
356918,0.0008469638996757567
358600,0.0008063686545938253
358721,0.0008017118670977652
361117,0.0007974606123752892
361576,0.0007829529349692166
355759,0.0007639293326064944
358222,0.0007160645327530801
356369,0.0006418162956833839
360015,0.0006418162956833839
358841,0.0006036665290594101
360263,0.000527898664586246
352685,0.0005234532291069627
363898,0.00048234511632472277
360260,0.00046399360871873796
360991,0.00044372762204147875
352301,0.00044271067599765956
352331,0.0004388865490909666
358432,0.00042020532418973744
360077,0.0003894163528457284
356420,0.0003894163528457284
359831,0.00036881669075228274
359469,0.0003475051198620349
358593,0.00033116870326921344
362174,0.00032734795240685344
361706,0.00032571828342042863
363697,0.0003204491513315588
355756,0.0003147426759824157
355794,0.00029075125348754227
360041,0.0002728085091803223
356388,0.0002728085091803223
354810,0.00026813187287189066
353831,0.0002661295293364674
354423,0.0002239354362245649
364464,0.00022131104196887463
359650,0.0002181783929700032
356052,0.0002181783929700032
358030,0.0002175790723413229
355773,0.00020540780678857118
356248,0.00020517448137979954
359784,0.00020517448137979954
360079,0.00020308066450525075
356422,0.00020308066450525075
355814,0.00020026537822559476
353868,0.0001926072727655992
353229,0.00018997736333403736
357507,0.00018168103997595608
362301,0.00017175306857097894
355397,0.00016363577742595226
363154,0.00015652140427846462
357889,0.00015065097250044346
359255,0.00014693901175633073
352874,0.00014155678218230605
354966,0.0001411446137353778
356749,0.0001353685074718669
361690,0.00013158634828869253
364150,0.00013029258116148412
361463,0.00012332470214460045
364628,0.00011665952479233965
354044,0.00011626307241385803
355150,0.00011008180445060134
356601,0.00010942090739263222
358044,0.00010337826097384095
352492,9.484116162639111e-05
357116,8.92326861503534e-05
356637,8.869144949130714e-05
358604,8.635805716039613e-05
361822,8.470378816127777e-05
356792,7.477624603779987e-05
361689,6.280415982473642e-05
355755,6.276805652305484e-05
363146,6.270028097787872e-05
356776,6.133225542725995e-05
358472,6.011227742419578e-05
357292,5.902943303226493e-05
362823,5.739098196499981e-05
364200,5.6761735322652385e-05
358282,5.6371354730799794e-05
356969,5.631886233459227e-05
355911,5.623578545055352e-05
359956,5.60631524422206e-05
356313,5.60631524422206e-05
354850,5.584310201811604e-05
353243,5.576104740612209e-05
353885,5.573760427068919e-05
357902,5.5284519476117566e-05
357274,5.314127338351682e-05
358989,5.304269143380225e-05
355671,5.288799002300948e-05
359500,5.222641630098224e-05
361437,4.9980877520283684e-05
363895,4.856212399317883e-05
360990,4.5160293666413054e-05
360609,4.082334999111481e-05
364048,4.0558588807471097e-05
362220,3.562436904758215e-05
363756,3.471457239356823e-05
356606,3.394997838768177e-05
364318,3.20203835144639e-05
358466,3.18501734000165e-05
364320,3.182670479873195e-05
359494,3.159180414513685e-05
358462,3.1438197765965015e-05
358983,3.1333798688137904e-05
361860,3.1333383958553895e-05
360597,3.102705522906035e-05
354446,2.956459138658829e-05
357106,2.8982025469304062e-05
361298,2.8241804102435708e-05
358037,2.662586484802887e-05
357490,2.5739152988535352e-05
354401,2.5620478481869213e-05
362214,2.383010541961994e-05
359737,2.3585929739056155e-05
356140,2.3585929739056155e-05
360593,2.159993164241314e-05
357699,2.156130358343944e-05
355181,2.1311065211193636e-05
355751,2.076557393593248e-05
361294,2.0685467461589724e-05
362481,1.869596599135548e-05
360065,1.7603968444745988e-05
355555,1.6586236597504467e-05
362926,1.4888447367411572e-05
357094,1.4813597772445064e-05
362005,1.0212011147814337e-05
361028,8.040038665058091e-06
355389,7.588558673887746e-06
354235,7.558116521977354e-06
354431,7.37463869882049e-06
354428,7.309584361792076e-06
357883,7.178548912634142e-06
362243,7.107059445843333e-06
352684,6.773713266738923e-06
359361,6.200099051056895e-06
356228,6.1722175814793445e-06
359774,6.1722175814793445e-06
354629,6.145685802039225e-06
364693,5.6622848205734044e-06
359648,5.466126822284423e-06
358970,4.797637302544899e-06
354807,4.672238446801202e-06
364715,4.4610337681660894e-06
364135,4.424819508130895e-06
356950,4.2889810174528975e-06
361114,3.4320160011702683e-06
354958,3.281355702711153e-06
364706,3.1703966669738293e-06
363161,3.166921487718355e-06
364721,2.7886014777323e-06
356186,2.6022739803011063e-06
359856,2.6022739803011063e-06
360553,2.5511483272566693e-06
363776,2.526813887016033e-06
358708,2.0900856725347694e-06
359362,2.0730851701955544e-06
364692,1.966642003026209e-06
355731,1.963596560017322e-06
359759,1.9567135041143047e-06
356214,1.9567135041143047e-06
353835,1.8551606899563922e-06
357488,1.7372930187775637e-06
354818,1.3900322528570541e-06
354415,1.2652733403228922e-06
354625,1.080743004422402e-06
355386,1.0460744306328706e-06
352309,9.526307849228033e-07
357291,7.980918326211395e-07
362735,7.395144052679825e-07
358717,6.372514462782419e-07
364312,5.352804350877705e-07
360264,5.323171308191377e-07
356409,4.964520030625863e-07
360064,4.964520030625863e-07
357091,4.92615811253927e-07
363754,4.911405540042324e-07
358454,4.898209908787976e-07
355793,4.882874691247707e-07
364304,4.789545755556901e-07
361976,4.76985405839514e-07
361432,4.411515988067549e-07
364743,4.26474741743732e-07
361313,4.170024965333141e-07
362859,3.473384708740923e-07
352857,3.10891977051142e-07
355757,3.0472764933620056e-07
361266,2.9577552140835905e-07
362930,2.505232998828433e-07
352508,2.3488340161748056e-07
364314,1.9741852952392946e-07
354430,1.7061834967080358e-07
359389,1.686891266672319e-07
359467,1.5981007095433597e-07
358956,1.5823830779027048e-07
353178,1.5168338052262698e-07
365001,1.2458775699997204e-07
353359,6.121535989223048e-08
362175,5.8078267528571814e-08
356395,4.800689623607468e-08
360049,4.800689623607468e-08
352654,3.765044453984956e-08
357445,3.550097460447432e-08
364898,3.0614032198172936e-08
358235,2.9610566443238895e-08
355792,2.8829356679693774e-08
358214,2.21032614433625e-08
354039,2.1151549844944384e-08
363123,1.9209215551541092e-08
355178,1.8269005863658094e-08
356408,8.54269011085762e-09
360063,8.54269011085762e-09
361308,7.818591107877637e-09
360604,7.309961080892435e-09
357090,6.081081416198231e-09
359946,5.8120797064020735e-09
356304,5.8120797064020735e-09
362934,3.515468360859586e-09
363752,2.791427977655303e-09
361278,2.105216667658283e-09
359481,1.9358312730588523e-09
363317,1.9115020677418215e-09
361847,1.7888223124984393e-09
355900,1.6783451295410146e-09
364926,1.0295133634485865e-09
356924,8.868665801742281e-10
363886,8.842890308891072e-10
358975,8.506850224243578e-10
360583,7.282555669618773e-10
354220,7.114290268006584e-10
358452,5.560952809346986e-10
357448,5.279364168053746e-10
361146,4.745914217174629e-10
358850,4.732373382054789e-10
364597,4.3521058978868155e-10
360567,4.1946021656080745e-10
360251,3.5674779796934786e-10
354847,2.769677265312964e-10
364977,2.504357832222581e-10
364686,1.2898558610086042e-10
360409,1.2090688172872177e-10
356746,1.1380095477075969e-10
363145,1.116398709588573e-10
359142,1.0850412235363649e-10
357882,1.027723739444042e-10
362470,1.0120990157069798e-10
360387,9.505016218547269e-11
357715,9.198724421066728e-11
353851,7.684562014498297e-11
354417,6.451812001317947e-11
353198,6.11624015323109e-11
360854,5.306659625614607e-11
360254,4.7634323568912507e-11
354256,3.474832921401827e-11
353077,3.1862904675827863e-11
364011,2.886028395432394e-11
361575,2.743450258635427e-11
364454,2.407911023349918e-11
352332,2.222498053650046e-11
354911,2.1769518479541894e-11
357324,1.9996808028888147e-11
364624,1.762229771828938e-11
364165,1.726280576819228e-11
364468,1.5498234640087816e-11
362855,1.279929981445882e-11
355166,1.2230636642351911e-11
356632,8.613817992220163e-12
358622,8.493935589604096e-12
359272,8.471962714695636e-12
356068,8.279910611308505e-12
363339,8.157514594375748e-12
362153,7.638337011506291e-12
364047,7.495414879044038e-12
361550,7.261992222840075e-12
357081,6.428653182705135e-12
358061,6.119002006477192e-12
363914,6.110884801652228e-12
355420,4.226835461501599e-12
354658,3.875700541750016e-12
360090,2.9318049724058604e-12
359468,2.6060703074703984e-12
361720,2.225547003631423e-12
361018,1.5657035130206554e-12
355168,9.75842128457527e-13
363131,7.401278483316898e-13
358242,6.695150618803158e-13
356195,6.63003614682911e-13
357862,5.721097966031319e-13
361456,4.622229790758603e-13
362273,3.9668962559247234e-13
359113,3.8606772401368616e-13
353848,3.367226473777879e-13
360287,2.8193858922845316e-13
355725,2.536418069933738e-13
357294,2.4304766099020325e-13
364669,1.3511728628318176e-13
362241,1.1562793908112545e-13
352865,6.934035322921778e-14
364748,6.732795880060385e-14
359116,4.374083899445248e-14
364184,3.6513672673540304e-14
354661,3.235376512056645e-14
360521,3.0525891737314195e-14
353857,2.0677480317169913e-14
357817,1.784714682897398e-14
356795,1.6340424293607297e-14
360825,8.29833265633944e-15
362824,7.0685954004390695e-15
356951,5.96392298271727e-15
360391,4.0893348853909915e-15
364728,3.5587627645933175e-15
363459,3.1036057987379566e-15
356890,2.682833923618147e-15
358693,1.7384829258340769e-15
353227,1.6335273909771518e-15
359084,1.3107448399978113e-15
355155,1.2287219810339675e-15
357519,9.791069830714007e-16
360649,9.06223927245786e-16
359390,7.399770883255398e-16
353865,5.205972490525705e-16
360786,5.178618620285311e-16
357887,4.128534670217414e-16
365009,2.526795102261736e-16
362734,2.461107167806573e-16
362015,9.67577713223857e-17
356968,3.189101876597347e-17
354826,2.836327212444712e-17
355770,2.51433293150191e-17
360592,2.407251588792838e-17
364978,7.399509428007382e-18
355540,6.125733175556362e-18
354950,5.7851440398794905e-18
354238,4.3163095000017286e-18
353051,3.963407367316699e-18
358833,1.7346976265826648e-18
357527,1.142016617231403e-18
362449,9.021146974490533e-19
352291,7.758847129255651e-19
364031,7.744653226932123e-19
360655,4.680787611769132e-19
360582,3.464376128003511e-19
355527,2.2405525889615325e-19
355222,1.299361672580321e-19
355827,3.3820187304199784e-20
358034,3.278790467382482e-20
358253,2.6286992073368273e-20
354470,2.222971155847402e-20
357128,5.3433791541458536e-21
358481,3.020123860084726e-21
361843,1.3137993952751274e-21
362147,8.284607129211479e-22
357285,7.400566937223059e-22
355546,6.483738404352288e-22
361141,6.039498895532893e-22
360855,4.0224214456901335e-22
352660,3.596951777705205e-22
358616,3.022842287385892e-22
361570,8.166279255605776e-23
357478,7.581556619994236e-23
353560,7.534674931941314e-23
356605,1.9829946828782492e-23
363319,1.9479067809027428e-23
362869,1.776216411363364e-23
364470,1.6204499880567766e-23
353860,1.6875028494562005e-24
355672,1.7781875134553365e-25
362144,1.8965766535118356e-27
355519,1.7153761124731458e-27
353172,1.2990095103890637e-27
354261,7.595833395036124e-29
364983,1.1399342361166923e-29
355134,1.5120861555531258e-30
357237,1.232322261639344e-30
361826,3.616746324930629e-32
364961,2.173616522339077e-33
355123,5.400908436366331e-34
363289,3.985419924256885e-34
360492,5.427900840191458e-35
364963,2.0477943491775773e-36
364479,1.1187381196411252e-38
352316,5.877775835878196e-39
360847,0.0
361025,0.0
354014,0.0
352497,0.0
355677,0.0
357661,0.0
352507,0.0
364999,0.0
357897,0.0
363918,0.0
355525,0.0
364478,0.0
361837,0.0
355729,0.0
357658,0.0
355429,0.0
364779,0.0
359110,0.0
361015,0.0
357702,0.0
361864,0.0
353407,0.0
362298,0.0
362003,0.0
354263,0.0
357888,0.0
357852,0.0
352343,0.0
352344,0.0
358626,0.0
360810,0.0
355559,0.0
352470,0.0
352472,0.0
352476,0.0
360820,0.0
360814,0.0
360812,0.0
359675,0.0
359339,0.0
359135,0.0
357314,0.0
363158,0.0
356639,0.0
356781,0.0
358197,0.0
358144,0.0
357281,0.0
361685,0.0
363040,0.0
363039,0.0
359854,0.0
354790,0.0
354015,0.0
357084,0.0
364699,0.0
353083,0.0
354670,0.0
354668,0.0
358067,0.0
362101,0.0
364496,0.0
363261,0.0
362247,0.0
357347,0.0
364036,0.0
363590,0.0
353200,0.0
363588,0.0
363479,0.0
358233,0.0
362727,0.0
364295,0.0
358276,0.0
360294,0.0
354045,0.0
354968,0.0
354967,0.0
353248,0.0
354939,0.0
358199,0.0
360250,0.0
354935,0.0
356405,0.0
361996,0.0
376329,0
373644,0
365254,0
375177,0
371048,0
368703,0
376496,0
369160,0
373250,0
377450,0
377489,0
369183,0
375786,0
367385,0
372097,0
374437,0
372786,0
373652,0
368288,0
369001,0
373249,0
371557,0
367901,0
366990,0
366992,0
366277,0
370571,0
370278,0
376567,0
368268,0
368570,0
371768,0
369612,0
376117,0
367018,0
370240,0
367684,0
366963,0
367535,0
371637,0
369164,0
372305,0
365739,0
370233,0
371793,0
367366,0
378018,0
376503,0
371279,0
373477,0
376103,0
374318,0
365325,0
367417,0
368580,0
366708,0
365595,0
372343,0
372795,0
371639,0
370248,0
369444,0
367216,0
375775,0
378068,0
367533,0
374525,0
367893,0
376644,0
376785,0
376080,0
368682,0
369990,0
375891,0
377761,0
376304,0
374936,0
365467,0
366252,0
372124,0
376098,0
366687,0
374428,0
368724,0
367897,0
365876,0
378410,0
376490,0
367421,0
372347,0
368577,0
371280,0
371626,0
376073,0
375311,0
366823,0
366696,0
366624,0
375306,0
377933,0
368901,0
373256,0
370153,0
371749,0
370243,0
369808,0
369145,0
368524,0
367543,0
375035,0
367691,0
367217,0
370161,0
365578,0
374575,0
367418,0
372812,0
374463,0
365617,0
378407,0
373444,0
369593,0
369464,0
372794,0
377432,0
371421,0
375460,0
374577,0
374600,0
377808,0
369186,0
370276,0
365579,0
370256,0
365349,0
369617,0
367888,0
370918,0
372959,0
365750,0
366062,0
373254,0
374929,0
373237,0
376890,0
377801,0
367574,0
367422,0
375931,0
367170,0
374464,0
373804,0
377954,0
367370,0
369395,0
375995,0
372636,0
374429,0
368544,0
369619,0
369455,0
378106,0
366077,0
368742,0
367726,0
369816,0
373405,0
370724,0
372901,0
373383,0
371622,0
365771,0
377454,0
377351,0
372803,0
369344,0
365908,0
369945,0
377798,0
373805,0
373825,0
368990,0
377610,0
376640,0
376215,0
375567,0
378082,0
369323,0
373235,0
375292,0
368098,0
366676,0
365251,0
375409,0
365326,0
377604,0
366516,0
366717,0
370834,0
366707,0
378404,0
367398,0
371289,0
371058,0
372843,0
375901,0
365618,0
368745,0
374116,0
367552,0
370551,0
368414,0
367389,0
366859,0
367410,0
366598,0
366121,0
371969,0
372702,0
374098,0
367003,0
369187,0
375315,0
370380,0
370266,0
367518,0
369472,0
366125,0
371405,0
372540,0
376216,0
370733,0
366082,0
369299,0
376235,0
366666,0
368422,0
372678,0
371773,0
366821,0
376919,0
369177,0
373121,0
366104,0
376684,0
369876,0
377775,0
377464,0
377202,0
372130,0
370913,0
374328,0
368043,0
378102,0
370005,0
377196,0
371926,0
365262,0
370220,0
373238,0
376811,0
373654,0
371801,0
365320,0
376995,0
370886,0
370899,0
376986,0
368560,0
373813,0
369968,0
371300,0
373950,0
372907,0
371825,0
370142,0
372558,0
366094,0
370582,0
374554,0
377037,0
376349,0
365247,0
374434,0
376668,0
375618,0
369325,0
378049,0
371286,0
372962,0
368998,0
377467,0
371601,0
367178,0
371407,0
375437,0
371299,0
367355,0
368993,0
368051,0
370560,0
368083,0
378380,0
365186,0
369126,0
372357,0
375474,0
374452,0
376901,0
366697,0
366881,0
367731,0
365166,0
377952,0
369991,0
367341,0
376781,0
369594,0
366649,0
367549,0
365310,0
373253,0
367513,0
369462,0
371786,0
370212,0
367713,0
366126,0
370152,0
376493,0
369629,0
369996,0
376108,0
368565,0
374732,0
367010,0
368382,0
377652,0
367906,0
365768,0
369989,0
367534,0
366863,0
373210,0
376914,0
374462,0
370268,0
366889,0
374770,0
367388,0
365180,0
365409,0
368681,0
375911,0
367401,0
365270,0
373835,0
370167,0
378397,0
375602,0
365461,0
377303,0
366059,0
370900,0
367633,0
367372,0
367874,0
377792,0
371589,0
365734,0
369012,0
371970,0
367550,0
366502,0
368380,0
365769,0
374140,0
373460,0
374126,0
371971,0
372810,0
375060,0
376093,0
367185,0
365589,0
372512,0
373992,0
377624,0
378186,0
366845,0
374919,0
367409,0
372692,0
370902,0
371250,0
373105,0
373452,0
375696,0
365246,0
367733,0
375442,0
366888,0
373461,0
365735,0
370569,0
374315,0
374920,0
367191,0
375049,0
377455,0
375784,0
365313,0
373091,0
374113,0
368734,0
365420,0
375210,0
370287,0
371411,0
366693,0
369784,0
366108,0
372136,0
370538,0
367688,0
375293,0
376889,0
368416,0
370187,0
367334,0
372683,0
373683,0
371642,0
375297,0
371609,0
376646,0
370125,0
365197,0
372255,0
366674,0
375457,0
374292,0
374330,0
378426,0
366853,0
366498,0
368246,0
365460,0
367218,0
369625,0
372090,0
366273,0
368974,0
367724,0
371618,0
370382,0
375615,0
372796,0
367847,0
365415,0
371605,0
367523,0
365761,0
368733,0
376657,0
366954,0
372251,0
365269,0
369814,0
368675,0
372888,0
377783,0
366490,0
377797,0
369015,0
374784,0
369279,0
367743,0
368858,0
374758,0
376242,0
371417,0
371047,0
372569,0
371771,0
368518,0
365272,0
365206,0
367577,0
365432,0
369176,0
371264,0
371254,0
374754,0
369982,0
373467,0
372309,0
372231,0
365195,0
369465,0
372689,0
374939,0
366662,0
367392,0
371655,0
377639,0
375601,0
371636,0
365383,0
376906,0
376123,0
373958,0
371393,0
374913,0
366689,0
365888,0
378403,0
369815,0
371832,0
370155,0
373245,0
368573,0
378223,0
371625,0
370370,0
367201,0
378094,0
375463,0
374630,0
378239,0
369192,0
375478,0
376980,0
378027,0
376348,0
368214,0
374419,0
370134,0
373814,0
377333,0
376226,0
369818,0
368680,0
371270,0
374426,0
374918,0
372806,0
373384,0
372109,0
366524,0
368658,0
368728,0
365429,0
375913,0
366207,0
372765,0
365569,0
366872,0
367885,0
376885,0
365863,0
368930,0
372701,0
377361,0
365756,0
366688,0
375610,0
365621,0
369430,0
378103,0
378395,0
373896,0
376911,0
366683,0
368389,0
369294,0
372657,0
365889,0
377203,0
367744,0
377777,0
371267,0
367894,0
365322,0
366265,0
373243,0
371571,0
374134,0
376897,0
370523,0
365910,0
367019,0
369014,0
371292,0
375889,0
377774,0
366090,0
366831,0
365733,0
377320,0
368602,0
376658,0
369302,0
371076,0
372770,0
371360,0
365904,0
372782,0
372222,0
376091,0
369460,0
365407,0
370731,0
366709,0
374757,0
372704,0
367892,0
372570,0
373369,0
373442,0
368258,0
376873,0
368582,0
375471,0
366519,0
365753,0
365387,0
374620,0
367222,0
372310,0
377157,0
373932,0
378401,0
371550,0
377767,0
373111,0
369193,0
366517,0
370141,0
371402,0
365869,0
374074,0
369825,0
368730,0
371796,0
374320,0
378215,0
374608,0
370168,0
371957,0
375053,0
368099,0
369452,0
377964,0
377648,0
369431,0
368601,0
372129,0
369005,0
369022,0
371627,0
367846,0
378075,0
370907,0
374302,0
378229,0
373996,0
374114,0
369971,0
367914,0
377480,0
373446,0
374115,0
366259,0
376669,0
366242,0
366081,0
373232,0
365414,0
370712,0
370817,0
376478,0
369975,0
376908,0
368383,0
368395,0
366980,0
366978,0
371795,0
371520,0
367425,0
376092,0
375776,0
375408,0
374294,0
369992,0
365909,0
371599,0
378304,0
369456,0
367360,0
365410,0
367545,0
374903,0
375063,0
372099,0
378230,0
376336,0
367176,0
369028,0
367544,0
366799,0
365439,0
371634,0
368084,0
368729,0
369904,0
375178,0
376232,0
376909,0
375557,0
368547,0
372248,0
370919,0
371106,0
371271,0
370697,0
369949,0
374402,0
377364,0
367558,0
370736,0
373972,0
372874,0
366960,0
374904,0
367174,0
377476,0
367279,0
376618,0
365265,0
373987,0
366953,0
372879,0
367379,0
366089,0
366243,0
377451,0
367851,0
377213,0
366975,0
368212,0
365413,0
377353,0
376495,0
371930,0
367929,0
371797,0
368853,0
367559,0
368832,0
367692,0
368585,0
366928,0
370144,0
366977,0
368077,0
373650,0
378391,0
367564,0
376358,0
365445,0
374765,0
376667,0
368405,0
373966,0
376861,0
367588,0
371978,0
371401,0
367900,0
370232,0
371066,0
370561,0
371588,0
365892,0
369961,0
377642,0
373088,0
369252,0
377358,0
377922,0
368578,0
367727,0
378428,0
376900,0
374308,0
366964,0
376109,0
365424,0
376299,0
370137,0
373674,0
365902,0
372909,0
369154,0
373114,0
373095,0
371628,0
367381,0
375209,0
374601,0
367020,0
368660,0
368047,0
366686,0
373933,0
366085,0
365619,0
367187,0
369972,0
369469,0
368747,0
375617,0
370843,0
376110,0
366511,0
375782,0
370554,0
371950,0
369984,0
367212,0
372245,0
368407,0
376653,0
372811,0
367889,0
374127,0
372451,0
378076,0
376836,0
371016,0
373362,0
375470,0
369332,0
368081,0
371275,0
367420,0
377601,0
369441,0
374756,0
367411,0
367872,0
365438,0
373257,0
375774,0
368716,0
365468,0
367358,0
372903,0
372201,0
368902,0
373476,0
373112,0
375763,0
373675,0
375197,0
374624,0
374551,0
369296,0
376679,0
366275,0
368066,0
374776,0
370711,0
367567,0
373667,0
371071,0
369630,0
373443,0
374325,0
368819,0
377497,0
370557,0
366838,0
369792,0
370743,0
371037,0
376049,0
377857,0
370889,0
365448,0
375282,0
377628,0
367383,0
372958,0
365559,0
376088,0
374107,0
377473,0
368852,0
374122,0
371963,0
377793,0
371624,0
369604,0
375265,0
365704,0
372352,0
373657,0
374305,0
370707,0
368709,0
368139,0
369007,0
372914,0
376979,0
376887,0
371379,0
367578,0
372893,0
374769,0
370369,0
368827,0
370384,0
373392,0
371406,0
375051,0
367871,0
377479,0
377472,0
367213,0
375185,0
366847,0
369432,0
370719,0
373672,0
372358,0
374172,0
368038,0
367903,0
373436,0
372261,0
369121,0
369029,0
377607,0
372328,0
371062,0
376227,0
371620,0
372781,0
366680,0
377778,0
367198,0
374632,0
365588,0
373964,0
365875,0
373271,0
366982,0
368167,0
367380,0
372804,0
376476,0
365244,0
369474,0
374131,0
371069,0
370539,0
376881,0
368401,0
370219,0
369024,0
367562,0
369965,0
374303,0
365558,0
369328,0
369986,0
375203,0
367016,0
369306,0
367524,0
371288,0
377349,0
373670,0
377457,0
378245,0
374731,0
365271,0
367704,0
369336,0
373391,0
375450,0
373275,0
370547,0
367234,0
367703,0
373931,0
377962,0
365587,0
365731,0
370230,0
377356,0
373124,0
373109,0
377459,0
375919,0
371260,0
375312,0
373252,0
374593,0
368701,0
367648,0
365430,0
369468,0
374610,0
369944,0
368259,0
374741,0
368673,0
370223,0
370703,0
366682,0
373475,0
372533,0
368234,0
366631,0
375605,0
375609,0
373684,0
376335,0
368286,0
376339,0
365436,0
366491,0
370221,0
372112,0
366064,0
373967,0
375751,0
371810,0
369486,0
368723,0
376904,0
367378,0
366654,0
376825,0
365207,0
373213,0
374908,0
367556,0
366993,0
370578,0
375932,0
370880,0
365163,0
371072,0
370165,0
367709,0
376905,0
376999,0
376882,0
372263,0
377640,0
366855,0
367730,0
375858,0
377498,0
371369,0
370286,0
365884,0
371291,0
369473,0
367723,0
377449,0
375792,0
369421,0
372787,0
365249,0
368550,0
373217,0
375791,0
369153,0
374500,0
373473,0
366957,0
376932,0
370518,0
371990,0
365890,0
369021,0
377927,0
373070,0
370709,0
371083,0
374777,0
372891,0
372767,0
372329,0
371983,0
377371,0
372345,0
369597,0
367223,0
373435,0
368996,0
366672,0
376810,0
371295,0
378427,0
378231,0
372788,0
376500,0
371293,0
377428,0
367557,0
369542,0
365782,0
370140,0
367568,0
369962,0
367589,0
371781,0
372541,0
370260,0
371829,0
367548,0
373673,0
376511,0
367591,0
370931,0
366962,0
366700,0
370579,0
374738,0
377372,0
368406,0
374293,0
368404,0
371363,0
374615,0
368568,0
377478,0
366873,0
367390,0
367393,0
368850,0
377615,0
377784,0
370588,0
377186,0
370580,0
371984,0
371992,0
366976,0
374926,0
371614,0
367221,0
366247,0
372339,0
367302,0
367232,0
368835,0
370925,0
372792,0
371091,0
373260,0
374125,0
369957,0
365800,0
365885,0
370570,0
370926,0
366109,0
366504,0
377482,0
372546,0
369313,0
376894,0
375916,0
369993,0
371068,0
368588,0
375909,0
369303,0
366088,0
367007,0
367590,0
367922,0
366239,0
365253,0
376867,0
369970,0
366257,0
374329,0
374915,0
366678,0
378406,0
372887,0
366684,0
378067,0
370255,0
367017,0
369429,0
368825,0
366691,0
374425,0
375304,0
368187,0
378379,0
372320,0
365582,0
375174,0
371283,0
374713,0
366973,0
370749,0
372164,0
371649,0
372351,0
369321,0
371078,0
366002,0
368970,0
377360,0
371960,0
368071,0
365565,0
369956,0
367394,0
367844,0
368291,0
375754,0
372882,0
366202,0
367877,0
369478,0
365732,0
366116,0
376879,0
370282,0
375562,0
369794,0
375910,0
372137,0
372904,0
366250,0
369146,0
378237,0
371092,0
372802,0
371617,0
369959,0
377647,0
368676,0
373373,0
373218,0
371961,0
367228,0
367742,0
370591,0
371060,0
376877,0
372359,0
377338,0
375778,0
372252,0
366668,0
375920,0
369300,0
368281,0
375369,0
374734,0
376446,0
378078,0
372247,0
368863,0
376502,0
377791,0
373182,0
368041,0
373991,0
373971,0
378060,0
370718,0
368091,0
368953,0
368739,0
365447,0
377627,0
369442,0
370906,0
372793,0
371962,0
369550,0
365295,0
371082,0
369337,0
368053,0
374123,0
367391,0
373773,0
376100,0
371408,0
371415,0
369807,0
368429,0
368418,0
377205,0
374622,0
372341,0
365457,0
377632,0
378377,0
365384,0
374446,0
376102,0
375780,0
372324,0
368269,0
365208,0
375299,0
369018,0
371815,0
370818,0
367364,0
367546,0
370924,0
377651,0
369980,0
377490,0
369795,0
369983,0
376355,0
378388,0
367205,0
371420,0
371598,0
370576,0
371604,0
373378,0
376920,0
371826,0
370592,0
374824,0
369606,0
372332,0
368058,0
367891,0
368264,0
366716,0
375436,0
367899,0
377786,0
374146,0
373685,0
378303,0
378381,0
368437,0
367180,0
368097,0
377001,0
370734,0
372264,0
372230,0
371610,0
373983,0
366526,0
366663,0
377738,0
367925,0
365728,0
370695,0
373949,0
371265,0
371404,0
372131,0
373344,0
370909,0
367004,0
370896,0
368267,0
374456,0
377796,0
376638,0
372896,0
368260,0
375171,0
373796,0
367511,0
369877,0
367930,0
371375,0
366095,0
375307,0
375028,0
367023,0
369329,0
371980,0
366987,0
376086,0
375587,0
374582,0
371989,0
366885,0
377504,0
366492,0
373214,0
367719,0
377898,0
369793,0
372679,0
370157,0
367365,0
368287,0
376338,0
371811,0
378187,0
373669,0
373424,0
367183,0
374590,0
368270,0
373680,0
374779,0
368987,0
369777,0
377194,0
371967,0
369585,0
375296,0
367927,0
378249,0
373104,0
372563,0
375313,0
371613,0
369315,0
374914,0
374604,0
367336,0
375912,0
375147,0
369810,0
369034,0
378384,0
368718,0
374764,0
374432,0
365191,0
377779,0
365126,0
368196,0
376477,0
378101,0
369450,0
376116,0
371772,0
366078,0
369631,0
372556,0
375918,0
371584,0
378409,0
369470,0
367551,0
365900,0
365776,0
372085,0
377766,0
372107,0
372282,0
376865,0
367536,0
365314,0
375285,0
374556,0
373480,0
377931,0
365602,0
367495,0
368289,0
370249,0
366870,0
373445,0
365437,0
374139,0
367384,0
371255,0
366107,0
370545,0
372534,0
368973,0
372125,0
371597,0
373106,0
365594,0
366098,0
367566,0
366263,0
371105,0
377618,0
366100,0
370929,0
376233,0
367400,0
367910,0
369476,0
376243,0
376486,0
366101,0
373928,0
368256,0
373447,0
366860,0
369588,0
366804,0
368433,0
375599,0
369586,0
367522,0
366974,0
373823,0
375195,0
371657,0
365747,0
376120,0
373824,0
368594,0
371621,0
370701,0
375622,0
365867,0
374602,0
367920,0
372877,0
371593,0
372326,0
375908,0
370103,0
368402,0
369180,0
372103,0
367898,0
375126,0
367735,0
368677,0
369174,0
368012,0
374576,0
373953,0
369308,0
370209,0
365187,0
378414,0
377807,0
370147,0
367220,0
374558,0
375294,0
370270,0
372557,0
372133,0
372110,0
373472,0
376191,0
368240,0
371097,0
372102,0
372249,0
366665,0
372895,0
368403,0
367214,0
369549,0
375857,0
374905,0
369006,0
367192,0
368839,0
365462,0
375318,0
375781,0
376878,0
377471,0
371362,0
365434,0
373468,0
372736,0
376454,0
368415,0
367005,0
367908,0
374289,0
373681,0
373653,0
371788,0
378419,0
368864,0
368600,0
367884,0
374787,0
368061,0
366706,0
367886,0
372232,0
375040,0
365168,0
366205,0
376886,0
367613,0
372340,0
366509,0
367571,0
378396,0
371084,0
372902,0
365534,0
378251,0
369599,0
378405,0
375301,0
370737,0
376083,0
372898,0
373816,0
368222,0
365442,0
371065,0
370288,0
368085,0
368425,0
371633,0
368834,0
375166,0
373827,0
373965,0
374296,0
377629,0
365751,0
373123,0
372743,0
367932,0
367540,0
374327,0
366930,0
368432,0
369798,0
366871,0
366515,0
369546,0
375473,0
375310,0
366066,0
372711,0
377638,0
370891,0
368559,0
367879,0
371079,0
372096,0
376504,0
373469,0
373371,0
376512,0
369805,0
372241,0
375048,0
371387,0
375452,0
370164,0
374927,0
377183,0
369487,0
370257,0
371281,0
376832,0
367753,0
367711,0
370573,0
378083,0
373984,0
370910,0
368720,0
369004,0
373258,0
372331,0
369804,0
365167,0
372323,0
375924,0
376323,0
374455,0
376888,0
372769,0
374316,0
374603,0
367363,0
375321,0
376839,0
367926,0
370188,0
374259,0
369017,0
372226,0
366994,0
376096,0
367215,0
370885,0
367553,0
367887,0
366986,0
370552,0
373380,0
373248,0
369605,0
369151,0
368750,0
375454,0
369788,0
375594,0
368290,0
375284,0
365324,0
370251,0
366865,0
377713,0
366844,0
371228,0
368230,0
373428,0
369938,0
369448,0
373822,0
369790,0
376896,0
372805,0
371629,0
365759,0
368988,0
378240,0
377362,0
376489,0
368373,0
376326,0
368392,0
368248,0
366087,0
367233,0
371774,0
376754,0
370210,0
371643,0
375904,0
368411,0
377958,0
366278,0
365591,0
371819,0
367408,0
370246,0
369987,0
367561,0
369178,0
367173,0
373963,0
375760,0
373267,0
370567,0
372965,0
374751,0
366505,0
376359,0
366869,0
371094,0
374940,0
374607,0
373466,0
367754,0
367413,0
365599,0
368413,0
365189,0
368192,0
367532,0
366092,0
366983,0
365597,0
370280,0
377365,0
368838,0
378054,0
371088,0
374581,0
367699,0
377901,0
374739,0
376876,0
370565,0
370584,0
375896,0
371778,0
375037,0
367740,0
377735,0
376350,0
376912,0
368569,0
375922,0
376112,0
376234,0
366650,0
371813,0
376993,0
373515,0
369274,0
366124,0
375303,0
368731,0
365570,0
370542,0
371376,0
370158,0
366886,0
375264,0
374078,0
366097,0
369978,0
368421,0
374928,0
375588,0
366850,0
367902,0
375295,0
370577,0
372554,0
368604,0
377331,0
367189,0
374788,0
370098,0
371586,0
365440,0
376333,0
374448,0
378071,0
378189,0
374313,0
365609,0
370181,0
366276,0
367015,0
366843,0
367565,0
371370,0
374755,0
366105,0
365408,0
369159,0
375453,0
368238,0
371294,0
368558,0
370693,0
371780,0
370553,0
373974,0
367695,0
366692,0
372875,0
371035,0
373623,0
369191,0
370274,0
369976,0
372128,0
375191,0
369463,0
376094,0
369942,0
365783,0
375903,0
365607,0
374912,0
374931,0
376680,0
375621,0
368590,0
376674,0
376487,0
376046,0
374783,0
368265,0
366523,0
368978,0
369152,0
370381,0
376449,0
368266,0
372964,0
365784,0
369422,0
366240,0
371074,0
374906,0
374773,0
371089,0
376422,0
370558,0
365616,0
368587,0
370169,0
372259,0
376488,0
377448,0
376670,0
370748,0
366495,0
372673,0
373658,0
367338,0
371378,0
376328,0
378306,0
372815,0
366058,0
372346,0
369305,0
365416,0
367512,0
373113,0
368252,0
368409,0
375761,0
373102,0
372688,0
377576,0
369638,0
369345,0
370250,0
365267,0
371656,0
367236,0
367573,0
375469,0
375921,0
368727,0
368849,0
371751,0
375194,0
374447,0
368253,0
365431,0
370272,0
368424,0
367928,0
373439,0
368410,0
365443,0
367720,0
375625,0
368438,0
367918,0
374119,0
367399,0
374605,0
365199,0
375465,0
371551,0
376892,0
368186,0
373821,0
371262,0
376081,0
369969,0
371638,0
368218,0
369817,0
374465,0
365740,0
365608,0
373120,0
368657,0
369613,0
374310,0
367537,0
374427,0
368976,0
376345,0
373453,0
377494,0
377460,0
370267,0
376649,0
377776,0
368700,0
366673,0
377924,0
369824,0
377350,0
371595,0
371792,0
368710,0
372119,0
